[

  {
    "outputFileName": "Client/css/vendor/vendor.min.css",
    "inputFiles": [
   "client/css/vendor/bootstrap.min.css"
    ],
    "minify": {
      "enabled": false
    }
  },
  {
    "outputFileName": "Client/css/spc.css",
    "inputFiles": [
      "Client/css/*.css"
    ]
  },
  {
    "outputFileName": "client/lib/lib.min.js",
    "inputFiles": [
      "client/lib/angular/angular.min.js",
      "client/lib/angular/angular-resource.min.js",
      "client/lib/angular/angular-route.min.js",
      "client/lib/jquery/jquery-1.10.2.min.js",
      "client/lib/bootstrap/bootstrap.min.js"
    ],
    "minify": {
      "enabled": false
    }
  },
  {
    "outputFileName": "client/app/spc.js",
    "inputFiles": [
      "client/app/**/*.module.js",
      "client/app/**/*.js"
    ],
    "minify": {
      "enabled": false
    }
  }
]
